Title,Album,Artist,Duration (ms),Rating,Play Count,Removed,file_name
Aces High,Powerslave,Iron Maiden,271000,5,12,,Iron Maiden - Powerslave - 01 - Aces High.mp3
2 Minutes to Midnight,Powerslave,Iron Maiden,360000,4,9,,Iron Maiden - Powerslave - 02 - 2 Minutes to Midnight.mp3
Powerslave,Live After Death: The World Slavery Tour (Disc 1),Iron Maiden,433005,0,0,,Iron Maiden - Live After Death (Disc 1) - 05 - Powerslave.mp3
Aufbruch,In Luft Geritzt,Dornenreich,292728,0,1,,Dornenreich - In Luft Geritzt - 01 - Aufbruch.mp3
Drang,In Luft Geritzt,Dornenreich,223294,0,1,,Dornenreich - In Luft Geritzt - 02 - Drang.mp3
Battery,Master of Puppets,Metallica,312000,5,30,,Metallica - Master of Puppets - 01 - Battery.mp3
Master of Puppets,Master of Puppets,Metallica,515000,5,41,,Metallica - Master of Puppets - 02 - Master of Puppets.mp3
Angel of Death,Reign in Blood,Slayer,291000,4,7,,Slayer - Reign in Blood - 01 - Angel of Death.mp3
"Raining Blood ""Live""",Reign in Blood,Slayer,254000,5,19,,Slayer - Reign in Blood - 10 - Raining Blood (Live).mp3
Paranoid,Paranoid,Black Sabbath,168000,3,4,,Black Sabbath - Paranoid - 01 - Paranoid.mp3
aces high,POWERSLAVE,Iron maiden ,271000,5,12,,Iron Maiden - Powerslave - 01 - Aces High (1).mp3
